Temperature,Match,Total Goal,Home Goal,Away Goal,Total Card,Home Yellow Card,Home Red Card,Away Yellow Card,Away Red Card,Total Yellow Card,Total Red Card
0,1,4.0,3.0,1.0,1.0,0.0,0.0,1.0,0.0,1.0,0.0
3,1,2.0,1.0,1.0,2.0,0.0,0.0,2.0,0.0,2.0,0.0
5,1,1.0,1.0,0.0,2.0,1.0,0.0,1.0,0.0,2.0,0.0
7,2,3.5,2.0,1.5,1.0,0.0,0.5,0.5,0.0,0.5,0.5
8,3,4.666666666666667,2.0,2.6666666666666665,2.6666666666666665,1.6666666666666667,0.0,1.0,0.0,2.6666666666666665,0.0
10,1,5.0,3.0,2.0,0.0,0.0,0.0,0.0,0.0,0.0,0.0
11,1,3.0,2.0,1.0,0.0,0.0,0.0,0.0,0.0,0.0,0.0
