Temperature,Match,Total Goal,Home Goal,Away Goal,Total Card,Home Yellow Card,Home Red Card,Away Yellow Card,Away Red Card,Total Yellow Card,Total Red Card
4,1,0.0,0.0,0.0,0.0,0.0,0.0,0.0,0.0,0.0,0.0
8,1,2.0,1.0,1.0,3.0,2.0,0.0,1.0,0.0,3.0,0.0
11,2,3.0,1.0,2.0,3.5,0.5,0.0,3.0,0.0,3.5,0.0
12,1,2.0,1.0,1.0,3.0,2.0,0.0,1.0,0.0,3.0,0.0
16,3,4.333333333333333,2.3333333333333335,2.0,4.0,1.3333333333333333,0.0,2.6666666666666665,0.0,4.0,0.0
