Temperature,Match,Total Goal,Home Goal,Away Goal,Total Card,Home Yellow Card,Home Red Card,Away Yellow Card,Away Red Card,Total Yellow Card,Total Red Card
0,2,4.0,3.0,1.0,3.5,2.0,0.0,1.0,0.5,3.0,0.5
1,4,1.75,0.5,1.25,4.25,2.5,0.25,1.25,0.25,3.75,0.5
2,3,1.3333333333333333,0.6666666666666666,0.6666666666666666,3.0,2.0,0.0,1.0,0.0,3.0,0.0
3,3,3.3333333333333335,1.6666666666666667,1.6666666666666667,4.666666666666667,2.3333333333333335,0.0,2.0,0.3333333333333333,4.333333333333333,0.3333333333333333
4,8,1.875,1.375,0.5,3.625,1.75,0.0,1.75,0.125,3.5,0.125
5,6,3.6666666666666665,1.3333333333333333,2.3333333333333335,3.1666666666666665,2.0,0.0,1.1666666666666667,0.0,3.1666666666666665,0.0
6,3,3.0,1.6666666666666667,1.3333333333333333,4.333333333333333,2.3333333333333335,0.3333333333333333,1.3333333333333333,0.3333333333333333,3.6666666666666665,0.6666666666666666
7,6,3.3333333333333335,1.3333333333333333,2.0,4.166666666666667,2.1666666666666665,0.0,1.6666666666666667,0.3333333333333333,3.8333333333333335,0.3333333333333333
8,4,2.25,0.5,1.75,2.75,1.25,0.0,1.25,0.25,2.5,0.25
9,2,2.0,1.0,1.0,3.0,2.0,0.0,1.0,0.0,3.0,0.0
10,13,2.6153846153846154,0.6923076923076923,1.9230769230769231,4.230769230769231,2.230769230769231,0.3076923076923077,1.6923076923076923,0.0,3.923076923076923,0.3076923076923077
11,5,4.0,2.8,1.2,3.2,1.8,0.0,1.2,0.2,3.0,0.2
12,3,1.6666666666666667,0.6666666666666666,1.0,5.333333333333333,2.3333333333333335,0.0,3.0,0.0,5.333333333333333,0.0
13,4,2.25,0.75,1.5,3.5,2.25,0.0,1.25,0.0,3.5,0.0
14,3,4.0,2.0,2.0,3.6666666666666665,1.6666666666666667,0.0,1.6666666666666667,0.3333333333333333,3.3333333333333335,0.3333333333333333
15,5,2.4,1.8,0.6,3.0,1.4,0.2,1.4,0.0,2.8,0.2
16,5,1.8,0.8,1.0,4.6,2.2,0.0,2.4,0.0,4.6,0.0
17,1,6.0,3.0,3.0,3.0,0.0,0.0,3.0,0.0,3.0,0.0
18,4,1.0,0.25,0.75,3.0,1.75,0.25,1.0,0.0,2.75,0.25
